path	batch	status	reviewed_sha256	review_commit
packages/containerhub-agent/src/agentProvisioningRoutes.ts	B05	revisado	16e1e1d802f95e727e32492980a18d1ca56134d68bdf8add44aa93177ec900bc	3f8ff19abfc3f3ee040a54ef63895223a177dc21
packages/containerhub-agent/src/index.ts	B05	revisado	c30be1a2e4e865064d4b4f9aeacea6158363eb6b4dcb9fedf7d1e7fe20701658	94910fc7f948bfd0b7801e962e0d1243c3b1a10a
packages/containerhub-agent/src/server.ts	B05	revisado	cfc3bff27058b9c31c08f95794a80ab5fa87bfa3d30effb28c2efd03b99d1d46	3662a20f5913614b1da50505489f084ec8518e01
packages/containerhub-agent/src/terminalRoutes.ts	B05	revisado	aa21d0718fc6b0f5a6e9b5fea67450be4047fa5dfa27ec3aa43cbe5b4950f4b0	94910fc7f948bfd0b7801e962e0d1243c3b1a10a
packages/containerhub-back/src/factories/AuthenticationHeaders.ts	B01	revisado	69776cf32de72196e78bd5a3d02214fa9952c92eead572682cd194ec3ad744da	94910fc7f948bfd0b7801e962e0d1243c3b1a10a
packages/containerhub-back/src/factories/GraphQLSchema.ts	B01	revisado	acede525eeee75bea9a24d59ff46396c4967f418fdb43b5520bac7edbb19d2a5	94910fc7f948bfd0b7801e962e0d1243c3b1a10a
packages/containerhub-back/src/factories/YogaFastifyServerFactory.ts	B01	revisado	5733c7c8b9f68fffd58fee63517227836581392ed8818647f899527a8f83b187	3662a20f5913614b1da50505489f084ec8518e01
packages/containerhub-back/src/index.ts	B01	revisado	493f7b129ae22376f2eb925b6c6350282d884b1899ebb66d213e6d8010ecb6c6	94910fc7f948bfd0b7801e962e0d1243c3b1a10a
packages/containerhub-back/src/modules/gitlab/routes/GitLabRoutes.ts	B04	revisado	545fec0968f2016d2146a77f8de6b46103bc6e5dae9c542f0657d91974b543e3	94910fc7f948bfd0b7801e962e0d1243c3b1a10a
packages/containerhub-back/src/modules/gitlab/services/GitLabService.ts	B04	revisado	e08138f95cf40ee117c7599ee485581868e9f39a7c554bf4ca796d7e9f575242	3f8ff19abfc3f3ee040a54ef63895223a177dc21
packages/containerhub-back/src/modules/monitoring/factory/MonitoringCollectorFactory.ts	B03	revisado	f37e3eb3177f05b28d7f9f7ac5ff88cdcc30f79b2df8693ba165d6333a3514d6	94910fc7f948bfd0b7801e962e0d1243c3b1a10a
packages/containerhub-back/src/modules/monitoring/factory/MonitoringSampleServiceFactory.ts	B03	revisado	6e8dd1b740becce70a52f6c7ed956ac8e0fbb1fa68cb420abb87e5e635222266	94910fc7f948bfd0b7801e962e0d1243c3b1a10a
packages/containerhub-back/src/modules/monitoring/factory/MonitoringServiceFactory.ts	B03	revisado	cdc98794173d0c9fe3046443061d2071fb67460a0f157561bceaf658c82fc595	94910fc7f948bfd0b7801e962e0d1243c3b1a10a
packages/containerhub-back/src/modules/monitoring/factory/TaskMonitorizationFactory.ts	B03	revisado	d45f0d15aed31275f698f2a6249e8517a9c84963c48c26edd375bf3278e3e886	94910fc7f948bfd0b7801e962e0d1243c3b1a10a
packages/containerhub-back/src/modules/monitoring/interfaces/IMonitoring.ts	B03	revisado	be175371f7dd473a73b9540494f0dce34a15c940e311e9ed7f64c8bc4ad3102b	94910fc7f948bfd0b7801e962e0d1243c3b1a10a
packages/containerhub-back/src/modules/monitoring/interfaces/IMonitoringSample.ts	B03	revisado	51fd72b3f69b6ca327c94e5da5e2a2f7b9f80e55d3b165885890820c930b4c2a	94910fc7f948bfd0b7801e962e0d1243c3b1a10a
packages/containerhub-back/src/modules/monitoring/models/MonitoringModel.ts	B03	revisado	20e66774997216afbe5ad2bf6ed6c3a40e1bad87b83dcc000880d0520a2995e2	94910fc7f948bfd0b7801e962e0d1243c3b1a10a
packages/containerhub-back/src/modules/monitoring/models/MonitoringSampleModel.ts	B03	revisado	31c58749d20118d5192fb8b977837f365beeea4051c97c623338d04b2cdf9d74	94910fc7f948bfd0b7801e962e0d1243c3b1a10a
packages/containerhub-back/src/modules/monitoring/models/TaskMonitorization.ts	B03	revisado	19d8774bc2e49a3ee47a3c442e058742dddcfe927cb08b7e256c6201d8c192ad	94910fc7f948bfd0b7801e962e0d1243c3b1a10a
packages/containerhub-back/src/modules/monitoring/repository/MonitoringMongoRepository.ts	B03	revisado	a2dc96e152891f0765462e69cd0852e968086704d159844d4a231edcfbbe9993	94910fc7f948bfd0b7801e962e0d1243c3b1a10a
packages/containerhub-back/src/modules/monitoring/repository/MonitoringSampleMongoRepository.ts	B03	revisado	3f52c3deb28e0e98a5ed3312afe4bbd157baf18cbd14ebc657581f46a127e1dc	94910fc7f948bfd0b7801e962e0d1243c3b1a10a
packages/containerhub-back/src/modules/monitoring/repository/MonitoringSampleSqliteRepository.ts	B03	revisado	7cd523f3d621fef5aa9f1034d75bd53fca62b070e98a36aa08376e86041e1905	94910fc7f948bfd0b7801e962e0d1243c3b1a10a
packages/containerhub-back/src/modules/monitoring/repository/MonitoringSqliteRepository.ts	B03	revisado	bade82de278091357968ace0ec2e69715640c2ddd0953945b2ffcef67428e5c3	94910fc7f948bfd0b7801e962e0d1243c3b1a10a
packages/containerhub-back/src/modules/monitoring/repository/TaskMonitorizationMongoRepository.ts	B03	revisado	674d1ade9e2dfa91fc7f95281226466a34b091d5d7da97352a9d08d413ad25e1	94910fc7f948bfd0b7801e962e0d1243c3b1a10a
packages/containerhub-back/src/modules/monitoring/repository/TaskMonitorizationSqliteRepository.ts	B03	revisado	faaa2be9cc3cbb31cc7f10282af6dd085ffc2e9a986c6f7e5b12b85d7dac4a89	94910fc7f948bfd0b7801e962e0d1243c3b1a10a
packages/containerhub-back/src/modules/monitoring/routes/MonitoringRoutes.ts	B03	revisado	afd7e34a6db1a72c7f935f6828c23355ac517bc15210bae89b30201ae898eb69	94910fc7f948bfd0b7801e962e0d1243c3b1a10a
packages/containerhub-back/src/modules/monitoring/routes/TaskMonitorizationRoutes.ts	B03	revisado	92daec0f20d557c70b09611d46087a9c12a6e852b247aa487e2494b26cf75a5e	94910fc7f948bfd0b7801e962e0d1243c3b1a10a
packages/containerhub-back/src/modules/monitoring/schemas/MonitoringSampleSchema.ts	B03	revisado	be4c278eabb425de8e1156f29f465a0505077bb6b2b6b4634927a6e843757c21	94910fc7f948bfd0b7801e962e0d1243c3b1a10a
packages/containerhub-back/src/modules/monitoring/schemas/MonitoringSchema.ts	B03	revisado	4d0470fca9b6aa818db8755748f98b0075aa5def7639fd57cac6af7a3ccd19c7	94910fc7f948bfd0b7801e962e0d1243c3b1a10a
packages/containerhub-back/src/modules/monitoring/services/MonitoringCollector.ts	B03	revisado	7826a3858da677e72436c6b9674ba821fc6459bf525b24b75bd5d5c16c3cc4be	94910fc7f948bfd0b7801e962e0d1243c3b1a10a
packages/containerhub-back/src/modules/monitoring/services/MonitoringSampleService.ts	B03	revisado	550863c99999c4f890cc48febea317d10175006ace974ce34d840bbb3089169c	3f8ff19abfc3f3ee040a54ef63895223a177dc21
packages/containerhub-back/src/modules/monitoring/services/MonitoringService.ts	B03	revisado	6b207fefbb42900ad2c13488cfd6d2d5a28e695ebf84e7d1ecc13f537d4b194c	94910fc7f948bfd0b7801e962e0d1243c3b1a10a
packages/containerhub-back/src/modules/monitoring/services/MonitoringWorker.ts	B03	revisado	d355d5e97d93d9700ab31edcc4ac7d800b500131e6a839f3d4a9fe20bcf81976	94910fc7f948bfd0b7801e962e0d1243c3b1a10a
packages/containerhub-back/src/modules/monitoring/services/TaskMonitorizationManager.ts	B03	revisado	4c0a52a807b3d2c8594765be60f53e6a18a87122a5d17f3ad7a8ea1a62eb5893	3662a20f5913614b1da50505489f084ec8518e01
packages/containerhub-back/src/modules/registry/routes/RegistryRoutes.ts	B04	revisado	002dccfc6c9cc9ee9061c89669e14af6d1be40564ad5d31cc51d02c840b107e0	3f8ff19abfc3f3ee040a54ef63895223a177dc21
packages/containerhub-back/src/modules/registry/services/RegistryService.ts	B04	revisado	41c18fba46ec9c60aa1a31c75ce1706ba264347ee2118ba0644c4e5416f78354	3f8ff19abfc3f3ee040a54ef63895223a177dc21
packages/containerhub-back/src/modules/services/helpers/mapInspectToServiceModel.ts	B02	revisado	f3de4fef7e87211ca83bdb387ea3085e3dfd1ff871cf9b6c7a2305c9c235e1fe	94910fc7f948bfd0b7801e962e0d1243c3b1a10a
packages/containerhub-back/src/modules/services/helpers/parseDockerImageReference.ts	B02	revisado	01fa61139c43255e34b71143b172db22b5df84449b605fa1f3816b2ef0dd4d38	94910fc7f948bfd0b7801e962e0d1243c3b1a10a
packages/containerhub-back/src/modules/services/permissions/DockerPermissions.ts	B02	revisado	d8a3907d01b10130c529a568d3afaa31d8e856c6a2ab11babc6406f51dbea344	94910fc7f948bfd0b7801e962e0d1243c3b1a10a
packages/containerhub-back/src/modules/services/resolvers/Service.resolvers.ts	B02	revisado	ca0ede9ef5c30c9a49262a60c4aa302c3d9efe1197890eb97091a40e60706432	3662a20f5913614b1da50505489f084ec8518e01
packages/containerhub-back/src/modules/services/routes/ServiceRoutes.ts	B02	revisado	1450da0f9cd5683002f4d70af2bde4fd981bcc5537b5b2331862453fd8c802d9	3f8ff19abfc3f3ee040a54ef63895223a177dc21
packages/containerhub-back/src/modules/services/routes/TerminalRoutes.ts	B02	revisado	627250860a1564f5a80ed5e120acfaa286e260a4712ee27ff734cc84267bd2fb	94910fc7f948bfd0b7801e962e0d1243c3b1a10a
packages/containerhub-back/src/modules/services/routes/requirePermission.ts	B02	revisado	8fb9f12748137a3cce0d9bda7f17c2cbfc9fc7187a4ad70e18ebb809ad1939e9	94910fc7f948bfd0b7801e962e0d1243c3b1a10a
packages/containerhub-back/src/modules/services/services/AgentHealthClient.ts	B02	revisado	b16f2c940b782787d25eacaac482bcbefc5087c34b337174642ab96ee59f3ce3	94910fc7f948bfd0b7801e962e0d1243c3b1a10a
packages/containerhub-back/src/modules/services/services/AgentTerminalClient.ts	B02	revisado	dbca941266fbe78840bdf103e89d57c51991dcef55a7804882f7d1b30c8d2d0c	94910fc7f948bfd0b7801e962e0d1243c3b1a10a
packages/containerhub-back/src/modules/services/services/ContainerStats.ts	B02	revisado	5a52e474a99f939c76d538c3cedcc3cd975a7afd1906bd50c789f96aefd903e8	94910fc7f948bfd0b7801e962e0d1243c3b1a10a
packages/containerhub-back/src/modules/services/services/HostVolumeProvisioning.ts	B02	revisado	b7989a55d6b733e01f294d29b426fc9555b6635487bdcf2b9b05f382b4e2909c	3f8ff19abfc3f3ee040a54ef63895223a177dc21
packages/containerhub-back/src/modules/services/services/ServiceFilters.ts	B02	revisado	8b782eeffa34c4ab5983d2d1f61850da273ae843c3c9026399d7c75bfeec3e6c	3662a20f5913614b1da50505489f084ec8518e01
packages/containerhub-back/src/modules/services/services/ServiceMutationAudit.ts	B02	revisado	b202bb5cf991bb94804e634089e63c83e7e33b0cd74f9653469341827403643a	94910fc7f948bfd0b7801e962e0d1243c3b1a10a
packages/containerhub-back/src/modules/services/services/ServiceService.ts	B02	revisado	fca0d536fe51a0384c4bf67c150a862e721711bb6aa2bc076fdf9256c8447e88	3f8ff19abfc3f3ee040a54ef63895223a177dc21
packages/containerhub-back/src/modules/services/services/ServiceSpec.ts	B02	revisado	a56db92a0faa97fa0eef35ff1ee0de8e6a974bbb282406dd8fae47629b3180fb	3662a20f5913614b1da50505489f084ec8518e01
packages/containerhub-back/src/modules/services/services/TaskLogDecoder.ts	B02	revisado	0421f8709ca23da5a80aeb811c8b2880e00e03afb2cdaaf77b3bdf45986bd297	3f8ff19abfc3f3ee040a54ef63895223a177dc21
packages/containerhub-back/src/modules/services/services/TerminalSessionService.ts	B02	revisado	755d56a30f53fdea55375c370341f7f673e1b19dfce1066b6d1878c82183c628	94910fc7f948bfd0b7801e962e0d1243c3b1a10a
packages/containerhub-back/src/modules/settings/factory/SettingsFactory.ts	B04	revisado	4fe417e6ef2043e2250f265b8650aada85877f2651c280c1c8fd0c179054f2da	94910fc7f948bfd0b7801e962e0d1243c3b1a10a
packages/containerhub-back/src/modules/settings/models/Settings.ts	B04	revisado	3f9fb1f11b2ec6b639de7bd20ea3622c823eeb8edb5c48ab32bac5ac2560c8c6	94910fc7f948bfd0b7801e962e0d1243c3b1a10a
packages/containerhub-back/src/modules/settings/repository/SettingsMongoRepository.ts	B04	revisado	39c60fc1183c398b62380041c0ef164c8b354f45652d32ce8b21f123cd4af688	94910fc7f948bfd0b7801e962e0d1243c3b1a10a
packages/containerhub-back/src/modules/settings/repository/SettingsSqliteRepository.ts	B04	revisado	3625a6af1bfd7d21ff8c5377934c642fd4d23c3453cc2328a078b5bf9e43a16f	94910fc7f948bfd0b7801e962e0d1243c3b1a10a
packages/containerhub-back/src/modules/settings/routes/SettingsRoutes.ts	B04	revisado	95338e0784003f9511a83b5018fc84da47ced89a40ab7c079df336b7dff2b37b	94910fc7f948bfd0b7801e962e0d1243c3b1a10a
packages/containerhub-back/src/modules/settings/services/SettingsService.ts	B04	revisado	ef37d179ea29000ddde39842199af8cd7a07bb37b93d7b053184d546f00199c6	94910fc7f948bfd0b7801e962e0d1243c3b1a10a
packages/containerhub-back/src/monitoring.ts	B01	revisado	214e9b3b0b47931d418feeb32c54fa4416a352539c867f8e8eed81214117eac1	94910fc7f948bfd0b7801e962e0d1243c3b1a10a
packages/containerhub-back/src/servers/FrontendStatic.ts	B01	revisado	a4daab786a38bf98c7bd1a2646ceb38db016ed9fa394771ce209cf341f26ac1d	94910fc7f948bfd0b7801e962e0d1243c3b1a10a
packages/containerhub-back/src/servers/YogaFastifyServer.ts	B01	revisado	3708269e183d267e4b607b5211bb02decb518a17d1a0266a1fbc84d7e2ca74c2	94910fc7f948bfd0b7801e962e0d1243c3b1a10a
packages/containerhub-back/src/setup/SetupContainerHub.ts	B01	revisado	0365b56b561f5aab7e1deaf3e3349ee6bb0bce78c2273e906351ff376871af2d	3662a20f5913614b1da50505489f084ec8518e01
packages/containerhub-back/src/setup/VaultSecretLoader.ts	B01	revisado	d433193b52a5e42ce8f4a02f7dffec881ad7c4df6b78354553007759ed319d50	94910fc7f948bfd0b7801e962e0d1243c3b1a10a
packages/containerhub-back/src/shims/dockerode.d.ts	B01	revisado	e3b0c44298fc1c149afbf4c8996fb92427ae41e4649b934ca495991b7852b855	94910fc7f948bfd0b7801e962e0d1243c3b1a10a
packages/containerhub-front/src/App.vue	B06	revisado	8501c69d5e91224258a3628ce91d3681532c9cf01d2efe6413fe2d5662585785	94910fc7f948bfd0b7801e962e0d1243c3b1a10a
packages/containerhub-front/src/components/AnimatedBackground.vue	B09	revisado	a693bbeb33aeb98d899de8c5df8aff42cf6760fa1b577c427d9ebe26ed52f865	3662a20f5913614b1da50505489f084ec8518e01
packages/containerhub-front/src/components/AutoCrudFilters.vue	B09	revisado	2b1b308e1d10a4f42dd4262b9c0c346ad353cc82dfa8fac7b45406b6e57cbcf2	94910fc7f948bfd0b7801e962e0d1243c3b1a10a
packages/containerhub-front/src/components/DockerVersionSummary.vue	B09	revisado	0da766ab45abb116cbfc3ac52f3fda5a171842fd1ac5dbd59405d4baa733d8c6	94910fc7f948bfd0b7801e962e0d1243c3b1a10a
packages/containerhub-front/src/components/HomeGallery.vue	B09	revisado	f1d63de8648f9cb11d0ebd3789d197d26d776f9c0c34d5f6d619203e0d6eda8d	3662a20f5913614b1da50505489f084ec8518e01
packages/containerhub-front/src/components/RegistryImageDetails.vue	B09	revisado	b0b564d33bd3b267f23e3c63e008e562783aace9eb94f3d8f58b2ecc9a8061eb	94910fc7f948bfd0b7801e962e0d1243c3b1a10a
packages/containerhub-front/src/components/logs/LogTerminal.vue	B07	revisado	716a7aee537dd9533281bd1644ebc190e415655e7f1efff382e2dfa78e1baf4e	94910fc7f948bfd0b7801e962e0d1243c3b1a10a
packages/containerhub-front/src/cruds/GhostContainersCrud.ts	B09	revisado	6cb5fce672082d6670729e9bd316322b1420993d7818e2ab3dd0f14bb937131c	94910fc7f948bfd0b7801e962e0d1243c3b1a10a
packages/containerhub-front/src/cruds/GitLabProjectsCrud.ts	B09	revisado	37db31bb7ca1ccf73ad5a498aa4a43b408f6b50f00f6ed5025c24db545b06de0	94910fc7f948bfd0b7801e962e0d1243c3b1a10a
packages/containerhub-front/src/cruds/MonitoringCrud.ts	B08	revisado	3596301642c32a2654fd3d0757b061727ab425121bbd9517432f939c0ba61bbd	94910fc7f948bfd0b7801e962e0d1243c3b1a10a
packages/containerhub-front/src/cruds/MonitoringFilters.ts	B08	revisado	c8fb52aade3e46d86db2bac5cb8d6332ec5cbad56c606c4a8b41f976bf57d355	3662a20f5913614b1da50505489f084ec8518e01
packages/containerhub-front/src/cruds/NetworksCrud.ts	B09	revisado	d546d4765afe8056b419f197609fed91484bc60d1fb00c43fe6f046e95d527b6	94910fc7f948bfd0b7801e962e0d1243c3b1a10a
packages/containerhub-front/src/cruds/NodesCrud.ts	B09	revisado	b76c1b946a200ce6565a53fc87699d4d2132d209d116c5a1ec93214e56675b1b	94910fc7f948bfd0b7801e962e0d1243c3b1a10a
packages/containerhub-front/src/cruds/RegistryImagesCrud.ts	B09	revisado	2e6f984df6bcbd43eaf391f1844afab3953f3859f3c98ef4f57bd7dad9e02e51	94910fc7f948bfd0b7801e962e0d1243c3b1a10a
packages/containerhub-front/src/cruds/ServiceCrud.ts	B07	revisado	1e850a3aee89d562d7d3f31bbc2b86151537c56a8b29426dea8a673bd4ccd64e	3662a20f5913614b1da50505489f084ec8518e01
packages/containerhub-front/src/cruds/ServiceFilterOptions.ts	B07	revisado	2f94292b34e0258260fbe0616099ef62dbe06955fac55bc9d8ad3e17d334ff17	94910fc7f948bfd0b7801e962e0d1243c3b1a10a
packages/containerhub-front/src/cruds/StacksCrud.ts	B09	revisado	fffae3c6518ae64d5ddba0fa50f9c814357cdc4ab7c7e83b6073953bfd20729e	3662a20f5913614b1da50505489f084ec8518e01
packages/containerhub-front/src/cruds/TaskMonitorizationCrud.ts	B08	revisado	6619b831f0247b71a563f03d41408ca366ed2c582dc2c53244980027613e983a	94910fc7f948bfd0b7801e962e0d1243c3b1a10a
packages/containerhub-front/src/cruds/clientCsvExport.ts	B09	revisado	b1d3fb737f0dea1058e367409a4a16cc6befe26e0c458c6392f7750c577e5303	94910fc7f948bfd0b7801e962e0d1243c3b1a10a
packages/containerhub-front/src/cruds/clientFieldFilters.ts	B09	revisado	a1548adfc581e6a0780152085ea9df1b64232590247ae6c51b8d0bb0656134f6	94910fc7f948bfd0b7801e962e0d1243c3b1a10a
packages/containerhub-front/src/images/registryImageReference.ts	B09	revisado	030f62e45679a29975bbeda44f21ad5633afb802bc18b738028edc882d9f0f1a	3662a20f5913614b1da50505489f084ec8518e01
packages/containerhub-front/src/images/serviceImageUsage.ts	B09	revisado	beec4256a2f2d195a8b479182953799347016d06ccf4f5a5341ef45ceb2c01af	94910fc7f948bfd0b7801e962e0d1243c3b1a10a
packages/containerhub-front/src/locales/index.ts	B06	revisado	1b7fb101026d5ffddb3e1e4415c4911a275ffea6a45ab4953d99c47f6c6372bc	94910fc7f948bfd0b7801e962e0d1243c3b1a10a
packages/containerhub-front/src/locales/messages.ts	B06	revisado	a9446d50a45207e639d77bebf0c5c2fe63e3e30f9d0441323cb54c62abb84fb7	94910fc7f948bfd0b7801e962e0d1243c3b1a10a
packages/containerhub-front/src/locales/monitoring.ts	B06	revisado	3e784a2fc5ce13ba856c32af0d9c036e14830b8197b335b63e03107824a0c7e2	94910fc7f948bfd0b7801e962e0d1243c3b1a10a
packages/containerhub-front/src/main.ts	B06	revisado	3d6216e38d7316cbfc0d899e9fb41db3d68fb7f392fc7f2aaffc56f64ae1f51f	94910fc7f948bfd0b7801e962e0d1243c3b1a10a
packages/containerhub-front/src/navigation.ts	B06	revisado	3d2d9099846a121ad72067a34b4588a822ba110ac4881eac4482af9a602fc112	94910fc7f948bfd0b7801e962e0d1243c3b1a10a
packages/containerhub-front/src/pages/ClusterInformationPage.vue	B09	revisado	beec6ee9daaae4e999f0017ea4614863fd5089bf7110afb6fb3d1b008d57e2f4	94910fc7f948bfd0b7801e962e0d1243c3b1a10a
packages/containerhub-front/src/pages/GhostContainersPage.vue	B09	revisado	52d5bd989846d10df1b79cc1011d59de1e21adfa835d8f5cc74b29aa8b974d8e	94910fc7f948bfd0b7801e962e0d1243c3b1a10a
packages/containerhub-front/src/pages/GitLabProjectsPage.vue	B09	revisado	63f57ffc12ac13cca43f775ed9d46417232fa6fe21ad6ef1e783cfbe0900bde1	3662a20f5913614b1da50505489f084ec8518e01
packages/containerhub-front/src/pages/HomePage.vue	B09	revisado	f7f076931930560443b3c3f50e2635fc24718dc126805e3a3d188081d3759408	94910fc7f948bfd0b7801e962e0d1243c3b1a10a
packages/containerhub-front/src/pages/LoginPage.vue	B09	revisado	1b687dd4cb5e3c11f4080155670653c4c7625d7d06cae78f3e069bab5a75b520	94910fc7f948bfd0b7801e962e0d1243c3b1a10a
packages/containerhub-front/src/pages/MonitoringCreateDialog.vue	B08	revisado	38d52c9accf941d85e935aab66b436b8fde66473b83f8ab52a1b7979b1e9c70c	3662a20f5913614b1da50505489f084ec8518e01
packages/containerhub-front/src/pages/MonitoringHistoryPage.vue	B08	revisado	b09d86aad87242a3678e30ef483840889e4db27bc1ce9e31ed05412441a45aec	3662a20f5913614b1da50505489f084ec8518e01
packages/containerhub-front/src/pages/MonitoringPage.vue	B08	revisado	dd5f11d08b67001df364e05402efa0c383bfd52d0083aec58fabd0ea2031789b	3662a20f5913614b1da50505489f084ec8518e01
packages/containerhub-front/src/pages/NetworksPage.vue	B09	revisado	271e70980c3be2dffbce2099d55bef666a79f666c10bd92c3998a121e2db43fa	94910fc7f948bfd0b7801e962e0d1243c3b1a10a
packages/containerhub-front/src/pages/NodesPage.vue	B09	revisado	bc372c4821bc72e0fcd4a636b8c5293638fc47a89ae7005c4a8ab125ec7263bd	94910fc7f948bfd0b7801e962e0d1243c3b1a10a
packages/containerhub-front/src/pages/RegistryImagesPage.vue	B09	revisado	0e8aa2bdb6690ce2ef9d3a759b333f097348c7d6b8294f3a290a8ef932fc8466	3662a20f5913614b1da50505489f084ec8518e01
packages/containerhub-front/src/pages/StacksPage.vue	B09	revisado	611b5864c2c7ff49e3a96317671d7d1e5e5a333a09caaa56583bfd9020e0bef0	94910fc7f948bfd0b7801e962e0d1243c3b1a10a
packages/containerhub-front/src/pages/TasksMonitorizationPage.vue	B08	revisado	45fd7ef3f93ad120e3162d8a2ee11965adcefb8536e1bb69641c76d85baca375	94910fc7f948bfd0b7801e962e0d1243c3b1a10a
packages/containerhub-front/src/pages/cluster/ClusterVisualizer.vue	B09	revisado	99e013558f5a487378d3f51c9bf089ff89b2d16a56c39d1c03cd20011f8ee364	94910fc7f948bfd0b7801e962e0d1243c3b1a10a
packages/containerhub-front/src/pages/cluster/RefreshOptions.vue	B09	revisado	f2d46736b14794fe443ae56c98c251f31d333b8330e87bbbe9f8d2067ab04416	94910fc7f948bfd0b7801e962e0d1243c3b1a10a
packages/containerhub-front/src/pages/logs/TaskLogsPage.vue	B07	revisado	c88072656e9fc3297a80ed385b6dace6f2abf5b535eef93be8506f17848656f7	94910fc7f948bfd0b7801e962e0d1243c3b1a10a
packages/containerhub-front/src/pages/nodeResources.ts	B09	revisado	a3fb26324234585953377117cf44d3f7750ca092d6b634d6a2665bfcf1c378e5	94910fc7f948bfd0b7801e962e0d1243c3b1a10a
packages/containerhub-front/src/pages/services/ServiceTasksPanel.vue	B07	revisado	0826104085a7524e25c1de6a1e27e3e1236dbda364cfacaadcf506a631ec76f1	3662a20f5913614b1da50505489f084ec8518e01
packages/containerhub-front/src/pages/services/ServicesPage.vue	B07	revisado	f40aa6cc148e919a50075f86c206ce3cd541583108d7b9347c4167236eab49cc	3662a20f5913614b1da50505489f084ec8518e01
packages/containerhub-front/src/pages/services/TaskInspectPage.vue	B07	revisado	80c6d3d7aac65e8e62b98d9276638e72845adb954988ed247407b42d79c00c6f	3662a20f5913614b1da50505489f084ec8518e01
packages/containerhub-front/src/pages/services/TaskStatisticsPage.vue	B07	revisado	e1b3dab8e5308ffaffebd029bc96423bf8fe46b0a63da1a69ec1a031a3c9fcc0	94910fc7f948bfd0b7801e962e0d1243c3b1a10a
packages/containerhub-front/src/pages/services/TaskTerminalPage.vue	B07	revisado	3d4e888d56ddcabac79b4e5d65bacb900295c82d358ea65d0fca79fe5a349c3c	94910fc7f948bfd0b7801e962e0d1243c3b1a10a
packages/containerhub-front/src/pages/services/taskContract.ts	B07	revisado	613a0a2be0681c9e56e3792844a739e895a502ff52cdf72663b7d1dd40443714	94910fc7f948bfd0b7801e962e0d1243c3b1a10a
packages/containerhub-front/src/pages/services/taskInspectTree.ts	B07	revisado	89ec60a153a9b1d395d456c8fbe3eaeee9d7e7dcc0f74db74fe6ac43c8c88e82	94910fc7f948bfd0b7801e962e0d1243c3b1a10a
packages/containerhub-front/src/pages/services/taskStatistics.ts	B07	revisado	5e6a96aa00116bd6d6ded92b6b169e80a5cc08512e360531b37dcd72901a357b	94910fc7f948bfd0b7801e962e0d1243c3b1a10a
packages/containerhub-front/src/pages/services/terminalTickets.ts	B07	revisado	dc32b71cb7612b6d8fdaf0558358c470563108d2017b7674ed4d44ab040f8a76	94910fc7f948bfd0b7801e962e0d1243c3b1a10a
packages/containerhub-front/src/pages/settings/SettingsPage.vue	B09	revisado	3c49a8810e87e3db8591f8645fdaf1670c92b7054fc3eead05404eb53a1036e9	3662a20f5913614b1da50505489f084ec8518e01
packages/containerhub-front/src/plugins/i18n.ts	B06	revisado	12a25ee4d7ae8981e72f0512920e062332b526a7a15647f2df796b3c21edc17a	94910fc7f948bfd0b7801e962e0d1243c3b1a10a
packages/containerhub-front/src/plugins/pinia.ts	B06	revisado	1002ef47123be9c560d0c61c0236d0380d851530d22c449a0bdacfe504be3a0b	94910fc7f948bfd0b7801e962e0d1243c3b1a10a
packages/containerhub-front/src/plugins/vuetify.ts	B06	revisado	5d4ad0afc4417a8411cfd93eea451f62251cd2b3c0bbbf41ab4500d024ea0f45	94910fc7f948bfd0b7801e962e0d1243c3b1a10a
packages/containerhub-front/src/providers/SettingsApi.ts	B06	revisado	8a563e97efff4f93d7618db39caca780c547dd173b4f318054ffbe4a20e6e488	94910fc7f948bfd0b7801e962e0d1243c3b1a10a
packages/containerhub-front/src/rest.ts	B06	revisado	3d415d9a9860b0813f579c503be6876bd17fb3ad0624b2f4431e800ddebe9841	94910fc7f948bfd0b7801e962e0d1243c3b1a10a
packages/containerhub-front/src/restHeaders.ts	B06	revisado	3b045958ea0662a5748ae56a185dd82862f58ba220b5a134de46b25facefd5c4	94910fc7f948bfd0b7801e962e0d1243c3b1a10a
packages/containerhub-front/src/router/index.ts	B06	revisado	106272cf8484336990710c5278d4755de2620e48650fb3922dfacacfe8e2c884	94910fc7f948bfd0b7801e962e0d1243c3b1a10a
packages/containerhub-front/src/services/serviceGraphql.ts	B07	bloqueado	ada7429716cf45b1d02a4c239617ac9dae5a507aa0c257f5d664fb11d6ca1d82	3662a20f5913614b1da50505489f084ec8518e01
packages/containerhub-front/src/setup/SetupEntities.ts	B06	revisado	5a424ef1b8f10b3dc402863fbe9a51fe52ac3434594961e6f2bfd36042d37f9a	94910fc7f948bfd0b7801e962e0d1243c3b1a10a
packages/containerhub-front/src/shims.d.ts	B06	revisado	58cd451464e8f5be13ac1252536fccd8c91a2f6c7cf5e49f6db7dacbd2ab8189	94910fc7f948bfd0b7801e962e0d1243c3b1a10a
