path	sha256	state	flow	reason-to-change	existing-owner/reuse	test	commit
packages/containerhub-agent/src/index.ts	c30be1a2e4e865064d4b4f9aeacea6158363eb6b4dcb9fedf7d1e7fe20701658	unchanged	process entry -> startAgent -> failure exit code	Six-line boot boundary already isolates startup failure; extraction would add a jump with no clearer owner.	Existing owner retained	No direct entry test; server.test.ts exercises build/config, npm test --workspace=@containerhub/agent: 7/7 pass.	-
packages/containerhub-agent/src/server.ts	9b9a47e33aadc0a2e76cb55dce5e848f75dbca727a64012c43c6094e3067a69a	unchanged	config/mTLS -> Fastify health and Docker routes -> guarded host folders/files	Keep existing file-security helpers (lines 57-155), safeDataPath (199-215), and per-route guards together: root/realpath/symlink/inode checks and descriptor-relative O_NOFOLLOW opens are a security chain, not redundant complexity. Read-only Docker endpoints are short; extracting route setup adds indirection without a shorter interface.	Existing owner retained	server.test.ts covers config, stats, health, running inventory, host-root/symlink/hardlink rejection; AgentHealthClient.test.ts covers consumer node/payload checks; npm test --workspace=@containerhub/agent: 7/7 pass (no live Docker).	-
packages/containerhub-agent/src/terminalRoutes.ts	aa21d0718fc6b0f5a6e9b5fea67450be4047fa5dfa27ec3aa43cbe5b4950f4b0	unchanged	WebSocket preValidation -> Docker inspect/exec -> binary/control relay -> close/timeout	One file owns authorization and terminal lifetime correctly, but nested message/resize and anonymous async startup (lines 59-117) make phases harder to scan. If an actual readability cut is warranted, name local startup/control handlers in this file while retaining the single connection-owned state, validation, backpressure, timers and close ordering; do not extract a generic session framework. Decision: Connection-owned timers, resize/backpressure and teardown should stay together; local handler names offer too little gain without edge-case coverage.	Existing owner retained	terminalRoutes.test.ts exercises real mTLS WSS, plaintext WS, identity/resize/binary, buffer limits and teardown; npm test --workspace=@containerhub/agent: 7/7 pass. Before any refactor, characterize timer/backpressure edges then rerun tests/build; live Docker unverified.	-
packages/containerhub-back/src/factories/AuthenticationHeaders.ts	69776cf32de72196e78bd5a3d02214fa9952c92eead572682cd194ec3ad744da	unchanged	HTTP/auth	Single header promotion guard; no separate owner would shorten the flow.	Existing owner retained	AuthenticationHeaders.test.ts	-
packages/containerhub-back/src/factories/GraphQLSchema.ts	acede525eeee75bea9a24d59ff46396c4967f418fdb43b5520bac7edbb19d2a5	unchanged	HTTP/GraphQL	Only loads and merges local typedefs/resolvers by runtime extension.	Existing owner retained	YogaFastifyServerFactory.test.ts	-
packages/containerhub-back/src/factories/YogaFastifyServerFactory.ts	366bffe1f60822abbd86ee53ce54f09c8864d311fc0dc71040c37ff7cd025296	unchanged	HTTP/bootstrap	Swagger tagging, auth hooks and plugin registration are visible together; splitting security/order-sensitive wiring adds jumps.	Existing owner retained	YogaFastifyServerFactory.test.ts;ApiKeyAuthentication.test.ts	-
packages/containerhub-back/src/index.ts	493f7b129ae22376f2eb925b6c6350282d884b1899ebb66d213e6d8010ecb6c6	unchanged	HTTP/bootstrap	Straight setup -> server factory -> static UI -> task watcher -> listen sequence.	Existing owner retained	-	-
packages/containerhub-back/src/modules/gitlab/routes/GitLabRoutes.ts	545fec0968f2016d2146a77f8de6b46103bc6e5dae9c542f0657d91974b543e3	unchanged	GitLab integration	Three permissioned endpoints delegate to the existing GitLabService owner.	Existing owner retained	GitLabRoutes.test.ts	-
packages/containerhub-back/src/modules/gitlab/services/GitLabService.ts	dc1ee54ed2e5c1997f1a7f8dbfd44ae6497f7695f8b99cdea16013f5601acba2	unchanged	GitLab integration	Shared authenticated fetch and project/tag/pipeline mapping remain one small external API adapter.	Existing owner retained	GitLabService.test.ts	-
packages/containerhub-back/src/modules/monitoring/factory/MonitoringCollectorFactory.ts	f37e3eb3177f05b28d7f9f7ac5ff88cdcc30f79b2df8693ba165d6333a3514d6	unchanged	Monitoring samples	Single lazy collector wiring from service stats to metrics schema and sample service.	Existing owner retained	MonitoringCollectorFactory.test.ts	-
packages/containerhub-back/src/modules/monitoring/factory/MonitoringSampleServiceFactory.ts	6e8dd1b740becce70a52f6c7ed956ac8e0fbb1fa68cb420abb87e5e635222266	unchanged	Monitoring samples	Selects Mongo/SQLite repository and builds SQLite table for one sample service.	Existing owner retained	MonitoringHistory.test.ts	-
packages/containerhub-back/src/modules/monitoring/factory/MonitoringServiceFactory.ts	cdc98794173d0c9fe3046443061d2071fb67460a0f157561bceaf658c82fc595	unchanged	Monitoring configuration	Selects Mongo/SQLite repository and builds SQLite table for one configuration service.	Existing owner retained	Monitoring.test.ts	-
packages/containerhub-back/src/modules/monitoring/factory/TaskMonitorizationFactory.ts	d45f0d15aed31275f698f2a6249e8517a9c84963c48c26edd375bf3278e3e886	unchanged	Task lifecycle history	Single cached repository choice; interface expresses both repository consumers' contract.	Existing owner retained	TaskMonitorizationRoutes.test.ts	-
packages/containerhub-back/src/modules/monitoring/interfaces/IMonitoring.ts	be175371f7dd473a73b9540494f0dce34a15c940e311e9ed7f64c8bc4ad3102b	unchanged	Monitoring configuration	Only schema-inferred configuration types; no duplicate transformation.	Existing owner retained	Monitoring.test.ts	-
packages/containerhub-back/src/modules/monitoring/interfaces/IMonitoringSample.ts	51fd72b3f69b6ca327c94e5da5e2a2f7b9f80e55d3b165885890820c930b4c2a	unchanged	Monitoring samples	Only schema-inferred metrics/sample types; no runtime control flow.	Existing owner retained	MonitoringHistory.test.ts	-
packages/containerhub-back/src/modules/monitoring/models/MonitoringModel.ts	20e66774997216afbe5ad2bf6ed6c3a40e1bad87b83dcc000880d0520a2995e2	unchanged	Monitoring configuration	Only Mongo configuration schema and pagination binding.	Existing owner retained	Monitoring.test.ts	-
packages/containerhub-back/src/modules/monitoring/models/MonitoringSampleModel.ts	31c58749d20118d5192fb8b977837f365beeea4051c97c623338d04b2cdf9d74	unchanged	Monitoring samples	Only Mongo sample indexes/schema and pagination binding.	Existing owner retained	MonitoringHistory.test.ts	-
packages/containerhub-back/src/modules/monitoring/models/TaskMonitorization.ts	19d8774bc2e49a3ee47a3c442e058742dddcfe927cb08b7e256c6201d8c192ad	unchanged	Task lifecycle history	Only event model/schema and descending date index.	Existing owner retained	TaskMonitorization.test.ts	-
packages/containerhub-back/src/modules/monitoring/repository/MonitoringMongoRepository.ts	a2dc96e152891f0765462e69cd0852e968086704d159844d4a231edcfbbe9993	unchanged	Monitoring configuration	Drax Mongo adapter sets model and search field only.	Existing owner retained	Monitoring.test.ts	-
packages/containerhub-back/src/modules/monitoring/repository/MonitoringSampleMongoRepository.ts	3f52c3deb28e0e98a5ed3312afe4bbd157baf18cbd14ebc657581f46a127e1dc	unchanged	Monitoring samples	Drax Mongo adapter sets sample model and search fields only.	Existing owner retained	MonitoringHistory.test.ts	-
packages/containerhub-back/src/modules/monitoring/repository/MonitoringSampleSqliteRepository.ts	7cd523f3d621fef5aa9f1034d75bd53fca62b070e98a36aa08376e86041e1905	unchanged	Monitoring samples	SQLite sample fields and Date-to-ISO query translation belong at persistence boundary.	Existing owner retained	MonitoringHistory.test.ts	-
packages/containerhub-back/src/modules/monitoring/repository/MonitoringSqliteRepository.ts	bade82de278091357968ace0ec2e69715640c2ddd0953945b2ffcef67428e5c3	unchanged	Monitoring configuration	SQLite configuration schema and Drax return-shape shims stay in persistence adapter.	Existing owner retained	Monitoring.test.ts	-
packages/containerhub-back/src/modules/monitoring/repository/TaskMonitorizationMongoRepository.ts	674d1ade9e2dfa91fc7f95281226466a34b091d5d7da97352a9d08d413ad25e1	unchanged	Task lifecycle history	Recent/create/purge operations stay beside the Mongo lifecycle model.	Existing owner retained	TaskMonitorizationRoutes.test.ts	-
packages/containerhub-back/src/modules/monitoring/repository/TaskMonitorizationSqliteRepository.ts	faaa2be9cc3cbb31cc7f10282af6dd085ffc2e9a986c6f7e5b12b85d7dac4a89	unchanged	Task lifecycle history	SQLite recent/create/purge implementation is the one persistence owner.	Existing owner retained	TaskMonitorizationRoutes.test.ts	-
packages/containerhub-back/src/modules/monitoring/routes/MonitoringRoutes.ts	afd7e34a6db1a72c7f935f6828c23355ac517bc15210bae89b30201ae898eb69	unchanged	Monitoring configuration	Routes, validation, permission wrapper and delete-then-sample cleanup can be followed in one registration.	Existing owner retained	Monitoring.test.ts;MonitoringHistory.test.ts	-
packages/containerhub-back/src/modules/monitoring/routes/TaskMonitorizationRoutes.ts	92daec0f20d557c70b09611d46087a9c12a6e852b247aa487e2494b26cf75a5e	unchanged	Task lifecycle history	Single permissioned pagination route delegates to repository.	Existing owner retained	TaskMonitorizationRoutes.test.ts	-
packages/containerhub-back/src/modules/monitoring/schemas/MonitoringSampleSchema.ts	be4c278eabb425de8e1156f29f465a0505077bb6b2b6b4634927a6e843757c21	unchanged	Monitoring samples	Metrics and persisted sample contracts are colocated and schema-inferred.	Existing owner retained	MonitoringHistory.test.ts	-
packages/containerhub-back/src/modules/monitoring/schemas/MonitoringSchema.ts	4d0470fca9b6aa818db8755748f98b0075aa5def7639fd57cac6af7a3ccd19c7	unchanged	Monitoring configuration	Create/calendar/permanent refinements and persisted contract share one Zod owner.	Existing owner retained	Monitoring.test.ts	-
packages/containerhub-back/src/modules/monitoring/services/MonitoringCollector.ts	7826a3858da677e72436c6b9674ba821fc6459bf525b24b75bd5d5c16c3cc4be	unchanged	Monitoring samples	Due check, stats collection, persistence and scheduler form one collector lifecycle; splitting risks timing/ordering.	Existing owner retained	MonitoringCollectorLogging.test.ts;MonitoringHistory.test.ts	-
packages/containerhub-back/src/modules/monitoring/services/MonitoringSampleService.ts	1d6c0fa5c8e163c34c3a81c63c0059964e47086c35ad353d8fbf1b47f46e6d22	unchanged	Monitoring samples	Record/history/prune and paged delete are cohesive sample lifecycle methods.	Existing owner retained	MonitoringHistory.test.ts	-
packages/containerhub-back/src/modules/monitoring/services/MonitoringService.ts	6b207fefbb42900ad2c13488cfd6d2d5a28e695ebf84e7d1ecc13f537d4b194c	unchanged	Monitoring configuration	Create-for-services dedup/skips and status transition belong to configuration owner.	Existing owner retained	Monitoring.test.ts	-
packages/containerhub-back/src/modules/monitoring/services/MonitoringWorker.ts	d355d5e97d93d9700ab31edcc4ac7d800b500131e6a839f3d4a9fe20bcf81976	unchanged	Monitoring samples	Short process-signal lifecycle wrapper around collector; no extraction needed.	Existing owner retained	MonitoringWorker.test.ts	-
packages/containerhub-back/src/modules/monitoring/services/TaskMonitorizationManager.ts	0f3ba2cb53cf9baecf20b73f356bad9535f1d0b37692714881e596ab7b3c2d9f	blocked	Task lifecycle history	Lines 57-80 poll Docker; 83-128 reconcile running/removed; 130-169 resolve audit attribution and persist. Consider a local attribution helper only after characterizing ordering/errors; index.ts starts singleton and no direct manager behavior test exists. Decision: Polling and audit attribution could be separated but direct ordering/error characterization is absent.	See flow and test gate	NO direct manager test; TaskMonitorizationRoutes.test.ts covers read only	-
packages/containerhub-back/src/modules/registry/routes/RegistryRoutes.ts	24eaffebd70c09fd79ccf74df5658a37c87690849017291efd882bd45a77375d	unchanged	Registry integration	Three permissioned endpoints delegate to RegistryService without extra state.	Existing owner retained	RegistryService.test.ts	-
packages/containerhub-back/src/modules/registry/services/RegistryService.ts	44abf6806234f0b0f034e427b2ed18e5ca334db58307b6b46d56b49b0630f12a	unchanged	Registry integration	Registry fetch/URL and catalog/tag/manifest mapping are cohesive adapter operations.	Existing owner retained	RegistryService.test.ts	-
packages/containerhub-back/src/modules/services/helpers/mapInspectToServiceModel.ts	f3de4fef7e87211ca83bdb387ea3085e3dfd1ff871cf9b6c7a2305c9c235e1fe	unchanged	Docker service reads	One DTO mapping boundary with local field helpers and redaction; splitting per field would add navigation.	Existing owner retained	ServiceInspectCompatibility.test.ts	-
packages/containerhub-back/src/modules/services/helpers/parseDockerImageReference.ts	01fa61139c43255e34b71143b172db22b5df84449b605fa1f3816b2ef0dd4d38	unchanged	Docker service reads	Single digest/tag/domain parser already extracted and reused by service mapper.	Existing owner retained	DockerImageReference.test.ts	-
packages/containerhub-back/src/modules/services/permissions/DockerPermissions.ts	d8a3907d01b10130c529a568d3afaa31d8e856c6a2ab11babc6406f51dbea344	unchanged	Docker authorization	Single permission-name catalog for routes and bootstrap roles.	Existing owner retained	ServiceHttpCompatibility.test.ts	-
packages/containerhub-back/src/modules/services/resolvers/Service.resolvers.ts	676780797bcb84fc4c12afd47dfc818fd82d6275ea29ff3fc65a7759253f67e0	unchanged	Docker service GraphQL	Small query/mutation permission wrappers call ServiceService and audit context directly.	Existing owner retained	ServiceHttpCompatibility.test.ts	-
packages/containerhub-back/src/modules/services/routes/ServiceRoutes.ts	44b547d6a03d7b6a131e83a5abcf44c6dd0ef6dc3bd00c46ea00080a1414f1c5	unchanged	Docker HTTP routes	Endpoints are grouped services/tasks/cluster/networks/provisioning and delegate to service owners; route order and permissions favor local visibility.	Existing owner retained	ServiceHttpCompatibility.test.ts;ServiceCreate.test.ts	-
packages/containerhub-back/src/modules/services/routes/TerminalRoutes.ts	627250860a1564f5a80ed5e120acfaa286e260a4712ee27ff734cc84267bd2fb	unchanged	Task terminal	Ticket/origin checks, buffered input, backpressure and teardown are security/timing-sensitive single socket lifecycle.	Existing owner retained	TerminalRoutes.test.ts	-
packages/containerhub-back/src/modules/services/routes/requirePermission.ts	8fb9f12748137a3cce0d9bda7f17c2cbfc9fc7187a4ad70e18ebb809ad1939e9	unchanged	Docker authorization	One existing RBAC prehandler shared by modules.	Existing owner retained	TerminalRoutes.test.ts	-
packages/containerhub-back/src/modules/services/services/AgentHealthClient.ts	b16f2c940b782787d25eacaac482bcbefc5087c34b337174642ab96ee59f3ce3	unchanged	Node agent HTTP	Config, request limits, DNS node validation and node operations stay together as agent HTTP client.	Existing owner retained	AgentHealthClient.test.ts	-
packages/containerhub-back/src/modules/services/services/AgentTerminalClient.ts	dbca941266fbe78840bdf103e89d57c51991dcef55a7804882f7d1b30c8d2d0c	unchanged	Task terminal	WebSocket readiness, stream I/O and resize limits are one remote-terminal transport state machine.	Existing owner retained	TaskTerminalRouting.test.ts	-
packages/containerhub-back/src/modules/services/services/ContainerStats.ts	5a52e474a99f939c76d538c3cedcc3cd975a7afd1906bd50c789f96aefd903e8	unchanged	Task statistics	Zod Docker stats validation and legacy/normalized shape mapping already have a focused owner.	Existing owner retained	ContainerStats.test.ts	-
packages/containerhub-back/src/modules/services/services/ServiceFilters.ts	8b782eeffa34c4ab5983d2d1f61850da273ae843c3c9026399d7c75bfeec3e6c	unchanged	Docker service reads	Parsing/filter/order evaluation already extracted from ServiceService into one owner.	Existing owner retained	ServiceFilters.test.ts;ServiceService.test.ts	-
packages/containerhub-back/src/modules/services/services/ServiceMutationAudit.ts	b202bb5cf991bb94804e634089e63c83e7e33b0cd74f9653469341827403643a	unchanged	Docker mutations	Mutation context and service/network audit persistence form one reusable side-effect boundary.	Existing owner retained	ServiceMutationAudit.test.ts	-
packages/containerhub-back/src/modules/services/services/ServiceService.ts	ea8d55b1fdbc0de8831f25875d8a1a7a5848be0b3a2e2e2381c65db61d956cf1	blocked	Docker services/cluster	Lines 83-267 service read/mutate; 268-558 tasks/terminal/logs; 559-714 cluster/network; 716-913 secure local/remote file provisioning. ServiceRoutes/TerminalRoutes/GraphQL/monitoring import exports; a domain-local provisioning owner behind unchanged exports might reduce unrelated navigation, only after preserving path/security and distributed error behavior. Decision: Provisioning is a domain boundary but secure local/remote path and distributed error behavior require direct behavioral coverage before moving.	See flow and test gate	DistributedProvisioning.test.ts;ServiceCreate.test.ts;TaskLogs.test.ts;GhostContainers.test.ts	-
packages/containerhub-back/src/modules/services/services/ServiceSpec.ts	a56db92a0faa97fa0eef35ff1ee0de8e6a974bbb282406dd8fae47629b3180fb	unchanged	Docker mutations	Input schemas and Docker-spec mapping already extracted; defaults and preservation of previous spec belong together.	Existing owner retained	ServiceCreate.test.ts;ServiceUpdate.test.ts	-
packages/containerhub-back/src/modules/services/services/TerminalSessionService.ts	755d56a30f53fdea55375c370341f7f673e1b19dfce1066b6d1878c82183c628	unchanged	Task terminal	Single-purpose hashed one-time ticket registry and expiry contract.	Existing owner retained	TerminalSessionService.test.ts	-
packages/containerhub-back/src/modules/settings/factory/SettingsFactory.ts	4fe417e6ef2043e2250f265b8650aada85877f2651c280c1c8fd0c179054f2da	unchanged	Settings persistence	Selects one Mongo/SQLite repository behind existing settings contract.	Existing owner retained	SqlitePersistence.test.ts	-
packages/containerhub-back/src/modules/settings/models/Settings.ts	3f9fb1f11b2ec6b639de7bd20ea3622c823eeb8edb5c48ab32bac5ac2560c8c6	unchanged	Settings persistence	Three settings defaults in one Mongo schema.	Existing owner retained	SettingsService.test.ts	-
packages/containerhub-back/src/modules/settings/repository/SettingsMongoRepository.ts	39c60fc1183c398b62380041c0ef164c8b354f45652d32ce8b21f123cd4af688	unchanged	Settings persistence	Mongo singleton fetch/create and update fields in one adapter.	Existing owner retained	SettingsService.test.ts	-
packages/containerhub-back/src/modules/settings/repository/SettingsSqliteRepository.ts	3625a6af1bfd7d21ff8c5377934c642fd4d23c3453cc2328a078b5bf9e43a16f	unchanged	Settings persistence	SQLite singleton defaults and update stay in one adapter.	Existing owner retained	SqlitePersistence.test.ts	-
packages/containerhub-back/src/modules/settings/routes/SettingsRoutes.ts	95338e0784003f9511a83b5018fc84da47ced89a40ab7c079df336b7dff2b37b	unchanged	Settings HTTP	Two permissioned handlers delegate to validated settings service.	Existing owner retained	SettingsService.test.ts	-
packages/containerhub-back/src/modules/settings/services/SettingsService.ts	ef37d179ea29000ddde39842199af8cd7a07bb37b93d7b053184d546f00199c6	unchanged	Settings HTTP	Update validation/conversion and repository delegation already form short boundary.	Existing owner retained	SettingsService.test.ts	-
packages/containerhub-back/src/monitoring.ts	214e9b3b0b47931d418feeb32c54fa4416a352539c867f8e8eed81214117eac1	unchanged	Monitoring bootstrap	Straight runtime initialization then collector-worker start.	Existing owner retained	MonitoringWorker.test.ts	-
packages/containerhub-back/src/servers/FrontendStatic.ts	a4daab786a38bf98c7bd1a2646ceb38db016ed9fa394771ce209cf341f26ac1d	unchanged	HTTP/static UI	Backend route exclusion, front-root containment and SPA fallback belong to one static-serving boundary.	Existing owner retained	FrontendStatic.test.ts	-
packages/containerhub-back/src/servers/YogaFastifyServer.ts	3708269e183d267e4b607b5211bb02decb518a17d1a0266a1fbc84d7e2ca74c2	unchanged	HTTP/GraphQL	Small Fastify/GraphQL bridge with request context and response propagation.	Existing owner retained	YogaFastifyServer.test.ts	-
packages/containerhub-back/src/setup/SetupContainerHub.ts	0365b56b561f5aab7e1deaf3e3349ee6bb0bce78c2273e906351ff376871af2d	blocked	Identity/bootstrap	Source line 22 and substring of line 68 are masked as userApiKey:*** by read_file/terminal output; exact permissions could not be reviewed. Rest of bootstrap flow read; no unchanged verdict for full file.	See flow and test gate	SetupContainerHub.test.ts;LegacyDockerRoles.test.ts	-
packages/containerhub-back/src/setup/VaultSecretLoader.ts	d433193b52a5e42ce8f4a02f7dffec881ad7c4df6b78354553007759ed319d50	unchanged	Identity/bootstrap	Vault validation and atomic secret assignment stay in one security boundary.	Existing owner retained	VaultSecretLoader.test.ts	-
packages/containerhub-front/src/App.vue	8501c69d5e91224258a3628ce91d3681532c9cf01d2efe6413fe2d5662585785	unchanged	shell/auth	Drawer, route icon, and app surface are local shell wiring; splitting would add hops.	Existing owner retained	—	-
packages/containerhub-front/src/components/AnimatedBackground.vue	62707395ca4bd55179545e81ee84370dafdfc0f7c0b7f3260256461840e444ec	unchanged	shell/auth	Theme color and decorative CSS belong to the animation component.	Existing owner retained	—	-
packages/containerhub-front/src/components/AutoCrudFilters.vue	2b1b308e1d10a4f42dd4262b9c0c346ad353cc82dfa8fac7b45406b6e57cbcf2	unchanged	crud plumbing	Wires standard and dynamic filters to one clear action; no independent workflow.	Existing owner retained	DynamicFilterFields.test.ts	-
packages/containerhub-front/src/components/DockerVersionSummary.vue	0da766ab45abb116cbfc3ac52f3fda5a171842fd1ac5dbd59405d4baa733d8c6	unchanged	shell/auth	Single version fetch and display are one small sidebar widget.	Existing owner retained	DockerVersionSummary.test.ts	-
packages/containerhub-front/src/components/HomeGallery.vue	5455428befd303a18c88798b87dde67697edb38e4dbedcfdc888b0416b281ed0	unchanged	shell/auth	Gallery delegates permission/menu rules to useMenu; template branches are its presentation.	Existing owner retained	—	-
packages/containerhub-front/src/components/RegistryImageDetails.vue	b0b564d33bd3b267f23e3c63e008e562783aace9eb94f3d8f58b2ecc9a8061eb	unchanged	registry/images	Tag selection, latest sorting, and request sequencing are local to one details card; splitting loses visible state ownership.	Existing owner retained	RegistryImagesPage.test.ts	-
packages/containerhub-front/src/components/logs/LogTerminal.vue	716a7aee537dd9533281bd1644ebc190e415655e7f1efff382e2dfa78e1baf4e	unchanged	logs	Xterm display lifecycle is already separate from socket owner.	Existing owner retained	—	-
packages/containerhub-front/src/cruds/GhostContainersCrud.ts	6cb5fce672082d6670729e9bd316322b1420993d7818e2ab3dd0f14bb937131c	unchanged	docker lists	Provider search/filter/sort/pagination and entity columns describe one ghost-container list; uses shared filters/export.	Existing owner retained	ClientProviderFilters.test.ts	-
packages/containerhub-front/src/cruds/GitLabProjectsCrud.ts	37db31bb7ca1ccf73ad5a498aa4a43b408f6b50f00f6ed5025c24db545b06de0	unchanged	gitlab	Paginate request and column metadata are one GitLab CRUD contract.	Existing owner retained	GitLabProjectsCrud.test.ts	-
packages/containerhub-front/src/cruds/MonitoringCrud.ts	3596301642c32a2654fd3d0757b061727ab425121bbd9517432f939c0ba61bbd	unchanged	monitoring	Provider requests and configuration fields are cohesive entity boundary; filtering helper exists.	Existing owner retained	MonitoringCrud.test.ts	-
packages/containerhub-front/src/cruds/MonitoringFilters.ts	100db1c2ac8209d75980d679892dc94428acd8e3d71876c4b30c977fc34d2c47	unchanged	monitoring	Existing single-purpose active-filter helper.	Existing owner retained	MonitoringCrud.test.ts	-
packages/containerhub-front/src/cruds/NetworksCrud.ts	d546d4765afe8056b419f197609fed91484bc60d1fb00c43fe6f046e95d527b6	unchanged	docker lists	Nested IPAM field resolver and sort keys must remain beside network provider; shared filter/export already used.	Existing owner retained	ClientProviderFilters.test.ts	-
packages/containerhub-front/src/cruds/NodesCrud.ts	b76c1b946a200ce6565a53fc87699d4d2132d209d116c5a1ec93214e56675b1b	unchanged	docker lists	List provider and node column metadata are one CRUD contract; shared filters/export already used.	Existing owner retained	ClientProviderFilters.test.ts	-
packages/containerhub-front/src/cruds/RegistryImagesCrud.ts	2e6f984df6bcbd43eaf391f1844afab3953f3859f3c98ef4f57bd7dad9e02e51	unchanged	registry/images	Registry list search/sort/export and metadata are cohesive provider configuration.	Existing owner retained	ClientProviderFilters.test.ts	-
packages/containerhub-front/src/cruds/ServiceCrud.ts	1d637beaabeb4f4fd43fcb76ec3ab65398fdaeee2b778defa9f34ab8c9683aa3	unchanged	services/tasks	Provider and filter metadata are one service CRUD boundary; buildServiceFilterOptions already isolated.	Existing owner retained	ServiceCrud.test.ts	-
packages/containerhub-front/src/cruds/ServiceFilterOptions.ts	2f94292b34e0258260fbe0616099ef62dbe06955fac55bc9d8ad3e17d334ff17	unchanged	services/tasks	Existing narrow filter-option helper.	Existing owner retained	ServiceCrud.test.ts	-
packages/containerhub-front/src/cruds/StacksCrud.ts	77914898f5171a10145f2b0c979c88848abbc8a31f4ff5bde75c70d3d33e907a	unchanged	docker lists	Stack counts repeat in paginate/fetchAll but no distinct responsibility warrants extraction in this readability pass.	Existing owner retained	ClientProviderFilters.test.ts	-
packages/containerhub-front/src/cruds/TaskMonitorizationCrud.ts	6619b831f0247b71a563f03d41408ca366ed2c582dc2c53244980027613e983a	unchanged	monitoring	Event pagination/filter serialization and column metadata are one list contract.	Existing owner retained	—	-
packages/containerhub-front/src/cruds/clientCsvExport.ts	b1d3fb737f0dea1058e367409a4a16cc6befe26e0c458c6392f7750c577e5303	unchanged	crud plumbing	Pagination, CSV escaping, and Blob creation are one export contract with existing helper.	Existing owner retained	clientCsvExport.test.ts	-
packages/containerhub-front/src/cruds/clientFieldFilters.ts	a1548adfc581e6a0780152085ea9df1b64232590247ae6c51b8d0bb0656134f6	unchanged	crud plumbing	Operator dispatch and nested lookup are cohesive filter semantics.	Existing owner retained	clientFieldFilters.test.ts	-
packages/containerhub-front/src/images/registryImageReference.ts	2f1933b32d90fc4baa95534c21a99894756c87f909897d91f4d92482cc1c7fa5	unchanged	registry/images	Existing shared image-reference parsing helper is a clear owner.	Existing owner retained	registryImageReference.test.ts	-
packages/containerhub-front/src/images/serviceImageUsage.ts	beec4256a2f2d195a8b479182953799347016d06ccf4f5a5341ef45ceb2c01af	unchanged	registry/images	Existing shared usage grouping and project matching; no further layer.	Existing owner retained	serviceImageUsage.test.ts	-
packages/containerhub-front/src/locales/index.ts	1b7fb101026d5ffddb3e1e4415c4911a275ffea6a45ab4953d99c47f6c6372bc	unchanged	localization	Merges known locale catalogs at app boundary.	Existing owner retained	—	-
packages/containerhub-front/src/locales/messages.ts	a9446d50a45207e639d77bebf0c5c2fe63e3e30f9d0441323cb54c62abb84fb7	unchanged	localization	Static paired translation dictionaries; length is not responsibility mixing.	Existing owner retained	—	-
packages/containerhub-front/src/locales/monitoring.ts	3e784a2fc5ce13ba856c32af0d9c036e14830b8197b335b63e03107824a0c7e2	unchanged	localization	Static monitoring translations separated already.	Existing owner retained	—	-
packages/containerhub-front/src/main.ts	3d6216e38d7316cbfc0d899e9fb41db3d68fb7f392fc7f2aaffc56f64ae1f51f	unchanged	shell/auth	Startup registration and client auth headers are explicit bootstrap order.	Existing owner retained	—	-
packages/containerhub-front/src/navigation.ts	3d2d9099846a121ad72067a34b4588a822ba110ac4881eac4482af9a602fc112	unchanged	shell/auth	Menu data and its small route-icon lookup are cohesive.	Existing owner retained	—	-
packages/containerhub-front/src/pages/ClusterInformationPage.vue	beec6ee9daaae4e999f0017ea4614863fd5089bf7110afb6fb3d1b008d57e2f4	unchanged	cluster	Summary, node request, and local auto-refresh are a single cluster page; visualizer/options already children.	Existing owner retained	—	-
packages/containerhub-front/src/pages/GhostContainersPage.vue	52d5bd989846d10df1b79cc1011d59de1e21adfa835d8f5cc74b29aa8b974d8e	unchanged	docker lists	Date and authorized node-link slots are presentation only.	Existing owner retained	—	-
packages/containerhub-front/src/pages/GitLabProjectsPage.vue	7a1b4a086075d5f92a629bb361a02bf7e358c5f63c2d36132accf38ae399a1ae	unchanged	gitlab	L51-125 expanded-row template mixes tags, deployments, and pipeline/job states; L155-225 keeps per-project tag/pipeline caches in list owner. Move only expanded details to a direct child, leave pagination in page and reuse projectServiceUsage. Decision: Expanded-row state persists across collapse; splitting it now would add many props and split one cache owner. Reassess with interactive characterization.	Existing owner retained	GitLabProjectsPage.test.ts is source-regex only; add expansion/tag/retry interaction test before/after	-
packages/containerhub-front/src/pages/HomePage.vue	f7f076931930560443b3c3f50e2635fc24718dc126805e3a3d188081d3759408	unchanged	shell/auth	Only filters home from menu before passing it to gallery.	Existing owner retained	—	-
packages/containerhub-front/src/pages/LoginPage.vue	1b687dd4cb5e3c11f4080155670653c4c7625d7d06cae78f3e069bab5a75b520	unchanged	shell/auth	Redirect check and themed login markup remain local to login.	Existing owner retained	LoginPage.test.ts	-
packages/containerhub-front/src/pages/MonitoringHistoryPage.vue	3f6eb3d488dcfc06cc8a6b554a41c5da7da0c2f635e2c30407948c504a88c401	unchanged	monitoring	History query, task filter and metric chart mapping stay together; existing sparklinePoints reused.	Existing owner retained	—	-
packages/containerhub-front/src/pages/MonitoringPage.vue	d40f61c4f5161feb57337c8fa0d7479554f1140ce18b25e5b082275447364a5c	blocked	monitoring	L22-33 list and row actions compete with L35-67 creation/confirmation dialogs; L118-156 interleaves load/create/save/status/delete. Keep list and action owner in page; move only creation form and its local state to direct child, retain provider. Decision: Creation form is a separate workflow, but no interaction check protects shared busy/error/list refresh; characterize before extraction.	See flow and test gate	No page interaction test; characterize open/select/validate/save/error/refresh and permission gating	-
packages/containerhub-front/src/pages/NetworksPage.vue	271e70980c3be2dffbce2099d55bef666a79f666c10bd92c3998a121e2db43fa	unchanged	docker lists	Boolean filter slot and IPAM/date cells are one network table presentation.	Existing owner retained	NetworksPage.test.ts	-
packages/containerhub-front/src/pages/NodesPage.vue	bc372c4821bc72e0fcd4a636b8c5293638fc47a89ae7005c4a8ab125ec7263bd	unchanged	docker lists	Node query synchronization and resource cells are direct list-page wiring.	Existing owner retained	NodesPage.test.ts	-
packages/containerhub-front/src/pages/RegistryImagesPage.vue	73343ec9b106db08cfdefb9b7f303e7ba0d4cfada8b6e75f5bd0695fad5ee67f	unchanged	registry/images	List owns URL selection and usage load; details are already delegated to RegistryImageDetails.	Existing owner retained	RegistryImagesPage.test.ts	-
packages/containerhub-front/src/pages/StacksPage.vue	611b5864c2c7ff49e3a96317671d7d1e5e5a333a09caaa56583bfd9020e0bef0	unchanged	docker lists	One route action and slot-item name unwrapping; extracting adds indirection.	Existing owner retained	—	-
packages/containerhub-front/src/pages/TasksMonitorizationPage.vue	45fd7ef3f93ad120e3162d8a2ee11965adcefb8536e1bb69641c76d85baca375	unchanged	monitoring	Only date/status display slots over CRUD list.	Existing owner retained	—	-
packages/containerhub-front/src/pages/cluster/ClusterVisualizer.vue	99e013558f5a487378d3f51c9bf089ff89b2d16a56c39d1c03cd20011f8ee364	unchanged	cluster	Node/task tables and status colors remain visualizer presentation; no new abstraction.	Existing owner retained	—	-
packages/containerhub-front/src/pages/cluster/RefreshOptions.vue	f2d46736b14794fe443ae56c98c251f31d333b8330e87bbbe9f8d2067ab04416	unchanged	cluster	Single display-options form; shared model is its owner.	Existing owner retained	—	-
packages/containerhub-front/src/pages/logs/TaskLogsPage.vue	c88072656e9fc3297a80ed385b6dace6f2abf5b535eef93be8506f17848656f7	unchanged	logs	Stream controls, reconnect and pause stay in one page; terminal rendering delegated.	Existing owner retained	—	-
packages/containerhub-front/src/pages/nodeResources.ts	a3fb26324234585953377117cf44d3f7750ca092d6b634d6a2665bfcf1c378e5	unchanged	docker lists	Existing single-purpose resource formatter.	Existing owner retained	—	-
packages/containerhub-front/src/pages/services/ServiceTasksPanel.vue	0826104085a7524e25c1de6a1e27e3e1236dbda364cfacaadcf506a631ec76f1	refactored	service tasks	Extracted expanded task presentation; page retains fetch, auth and navigation	ServiceCrud/taskContract	front node:test + mock Playwright + vue-tsc	b726555
packages/containerhub-front/src/pages/services/ServicesPage.vue	f40aa6cc148e919a50075f86c206ce3cd541583108d7b9347c4167236eab49cc	refactored	service tasks	Extracted expanded task presentation; page retains fetch, auth and navigation	ServiceCrud/taskContract	front node:test + mock Playwright + vue-tsc	b726555
packages/containerhub-front/src/pages/services/TaskInspectPage.vue	e184e8a198b9c72d67a12bce8d798ae2db416a25975c6da8dcd6576712fa760a	unchanged	services/tasks	Inspection summary, tree, stale read, and JSON copy are task-specific page flows; taskContract and taskInspectTree already extracted.	Existing owner retained	taskContract.test.ts; taskInspectTree.test.ts	-
packages/containerhub-front/src/pages/services/TaskStatisticsPage.vue	e1b3dab8e5308ffaffebd029bc96423bf8fe46b0a63da1a69ec1a031a3c9fcc0	unchanged	services/tasks	L17-38 renders cards and thresholds while L67-79 defines a render-function StatisticsCard alongside L81-123 polling lifecycle. Move only card markup to direct child (or local template slot); keep polling owner in page and sparklinePoints helper. Decision: Inline render-function card is 13 lines and scoped CSS; another component would add a jump without simplifying polling.	Existing owner retained	TaskStatisticsPage.test.ts L27-40 asserts h('svg') in page; relocate wiring assertion and add rendered-card check	-
packages/containerhub-front/src/pages/services/TaskTerminalPage.vue	3d4e888d56ddcabac79b4e5d65bacb900295c82d358ea65d0fca79fe5a349c3c	blocked	services/tasks	L45-72 keyboard/clipboard selection and L120-183 ticket/WebSocket retries are security-sensitive coupled terminal state; no safe readability move without interaction characterization.	See flow and test gate	No terminal interaction test; cover input/resize/close/retry and ticket consumption first	-
packages/containerhub-front/src/pages/services/taskContract.ts	613a0a2be0681c9e56e3792844a739e895a502ff52cdf72663b7d1dd40443714	unchanged	services/tasks	Existing task payload-normalization boundary.	Existing owner retained	taskContract.test.ts	-
packages/containerhub-front/src/pages/services/taskInspectTree.ts	89ec60a153a9b1d395d456c8fbe3eaeee9d7e7dcc0f74db74fe6ac43c8c88e82	unchanged	services/tasks	Existing recursive tree formatter.	Existing owner retained	taskInspectTree.test.ts	-
packages/containerhub-front/src/pages/services/taskStatistics.ts	5e6a96aa00116bd6d6ded92b6b169e80a5cc08512e360531b37dcd72901a357b	unchanged	services/tasks	Existing bounded sample/poll interval/sparkline utilities.	Existing owner retained	TaskStatisticsPage.test.ts	-
packages/containerhub-front/src/pages/services/terminalTickets.ts	dc32b71cb7612b6d8fdaf0558358c470563108d2017b7674ed4d44ab040f8a76	unchanged	services/tasks	One-shot ticket map is isolated and intentionally scoped.	Existing owner retained	—	-
packages/containerhub-front/src/pages/settings/SettingsPage.vue	5d845cf4a5bfc9cedd5f56e4ab2ce3ad91e1a8f2b5b59fdf16f6542b931160a0	unchanged	settings	Three-field settings form and fetch/save feedback are one screen.	Existing owner retained	—	-
packages/containerhub-front/src/plugins/i18n.ts	12a25ee4d7ae8981e72f0512920e062332b526a7a15647f2df796b3c21edc17a	unchanged	shell/auth	Thin plugin installer.	Existing owner retained	—	-
packages/containerhub-front/src/plugins/pinia.ts	1002ef47123be9c560d0c61c0236d0380d851530d22c449a0bdacfe504be3a0b	unchanged	shell/auth	Thin store plugin installer.	Existing owner retained	—	-
packages/containerhub-front/src/plugins/vuetify.ts	5d4ad0afc4417a8411cfd93eea451f62251cd2b3c0bbbf41ab4500d024ea0f45	unchanged	shell/auth	Static theme/locale configuration.	Existing owner retained	—	-
packages/containerhub-front/src/providers/SettingsApi.ts	8a563e97efff4f93d7618db39caca780c547dd173b4f318054ffbe4a20e6e488	unchanged	settings	Small settings transport owner; no new client abstraction.	Existing owner retained	—	-
packages/containerhub-front/src/rest.ts	3d415d9a9860b0813f579c503be6876bd17fb3ad0624b2f4431e800ddebe9841	unchanged	transport	Three explicit HTTP methods share one authorizationHeader helper; no new transport layer.	Existing owner retained	rest.test.ts	-
packages/containerhub-front/src/restHeaders.ts	3b045958ea0662a5748ae56a185dd82862f58ba220b5a134de46b25facefd5c4	unchanged	transport	Single bearer-header constructor is already the shared owner.	Existing owner retained	rest.test.ts	-
packages/containerhub-front/src/router/index.ts	106272cf8484336990710c5278d4755de2620e48650fb3922dfacacfe8e2c884	unchanged	shell/auth	Route table, imported identity-route adaptation, guards, and title/favicon hooks form one routing boundary; avoid speculative extraction.	Existing owner retained	ServicesPermission.test.ts; AuditSection.test.ts	-
packages/containerhub-front/src/setup/SetupEntities.ts	5a424ef1b8f10b3dc402863fbe9a51fe52ac3434594961e6f2bfd36042d37f9a	unchanged	shell/auth	Only registers CRUD entities in one visible list.	Existing owner retained	SetupEntities.test.ts	-
